content,score
"""I've been using this app for a few weeks now and I'm thoroughly enjoying the experience. The interface is super clean and intuitive, making it easy to swipe through profiles without getting overwhelmed. What really sets it apart though is the focus on meaningful conversations",5
"""I've been using this app for a few months now and I have to say, it's really exceeded my expectations. The algorithm is spot on – I've had some great matches already! Plus, the feature that lets you ask questions before chatting has",5
"""I've been using this app for a few weeks now and I'm really impressed! The interface is super clean, the algorithm does a great job of matching me with people who share my interests, and the fact that it allows you to add up to",5
"""I'm so glad I downloaded this app! The swipe feature is a total game-changer, and the way they use location-based matching has led me to some amazing connections in my own neighborhood. Plus, their optional 'interests' section actually feels",5
"""I've been using this app for a few weeks now and I'm really impressed with how easy it is to find genuine connections. The algorithm does a great job of matching me with people who share similar interests, and the video chat feature has made it",5
"""I've been using this app for a few weeks now and I have to say, I'm really impressed. The algorithm does an amazing job of matching me with people who share similar interests (I met my last match through our shared love of hiking!).",5
"""I've been using this app for a few weeks now and I'm really impressed! The algorithm does an amazing job matching me with people who share my passions, like hiking and trying new craft beers. Plus, the profile format is so easy to navigate",5
"""I've been using this app for a few weeks now and I'm loving the simplicity of its swipe feature. The way it suggests potential matches based on my interests is spot on, too! And I have to give props to their messaging system – it",5
"""I'm absolutely loving this app! I've tried a few others before, but the way they let you swipe through curated events and groups is genius. Plus, their safety features are top-notch - I feel confident meeting people without worrying about my safety.",5
"""I've been using this app for a few weeks now and I'm really enjoying the experience. The swipe feature is so easy to use, and the fact that you can specify what you're looking for in a partner (e.g., vegan or book",5
